{
  "timestamp": "2026-01-06T20:01:59.841166",
  "phases_run": [
    3,
    4,
    5
  ],
  "data_info": {
    "n_markets": 36,
    "n_observations": 32400,
    "n_train_markets": 25,
    "n_test_markets": 11
  },
  "phase3": {
    "param_grid": {
      "buffer": [
        0.01,
        0.015,
        0.02,
        0.025,
        0.03
      ],
      "tau_max": [
        300,
        420,
        600
      ],
      "min_tau": [
        0,
        30,
        60
      ],
      "exit_rule": [
        "expiry"
      ],
      "cooldown": [
        30
      ]
    },
    "n_combinations": 45,
    "best_params": {
      "best": {
        "buffer": 0.03,
        "tau_max": 300,
        "min_tau": 0,
        "exit_rule": "expiry",
        "cooldown": 30,
        "n_trades": 110,
        "n_markets": 11,
        "total_pnl": 26.66,
        "mean_pnl_per_market": 2.423636363636364,
        "std_pnl_per_market": 2.3328663601984263,
        "t_stat": 3.4456720640266196,
        "hit_rate_market": 0.8181818181818182,
        "hit_rate_trade": 0.7454545454545455,
        "avg_trades_per_market": 10.0,
        "avg_hold_time": 163.14545454545456
      },
      "top5": [
        {
          "buffer": 0.03,
          "tau_max": 300,
          "min_tau": 0,
          "exit_rule": "expiry",
          "cooldown": 30,
          "n_trades": 110,
          "n_markets": 11,
          "total_pnl": 26.66,
          "mean_pnl_per_market": 2.423636363636364,
          "std_pnl_per_market": 2.3328663601984263,
          "t_stat": 3.4456720640266196,
          "hit_rate_market": 0.8181818181818182,
          "hit_rate_trade": 0.7454545454545455,
          "avg_trades_per_market": 10.0,
          "avg_hold_time": 163.14545454545456
        },
        {
          "buffer": 0.025,
          "tau_max": 300,
          "min_tau": 0,
          "exit_rule": "expiry",
          "cooldown": 30,
          "n_trades": 110,
          "n_markets": 11,
          "total_pnl": 26.66,
          "mean_pnl_per_market": 2.423636363636364,
          "std_pnl_per_market": 2.3328663601984263,
          "t_stat": 3.4456720640266196,
          "hit_rate_market": 0.8181818181818182,
          "hit_rate_trade": 0.7454545454545455,
          "avg_trades_per_market": 10.0,
          "avg_hold_time": 163.14545454545456
        },
        {
          "buffer": 0.02,
          "tau_max": 300,
          "min_tau": 0,
          "exit_rule": "expiry",
          "cooldown": 30,
          "n_trades": 110,
          "n_markets": 11,
          "total_pnl": 26.61,
          "mean_pnl_per_market": 2.4190909090909094,
          "std_pnl_per_market": 2.335557554612836,
          "t_stat": 3.4352469128273286,
          "hit_rate_market": 0.8181818181818182,
          "hit_rate_trade": 0.7454545454545455,
          "avg_trades_per_market": 10.0,
          "avg_hold_time": 163.27272727272728
        },
        {
          "buffer": 0.015,
          "tau_max": 300,
          "min_tau": 0,
          "exit_rule": "expiry",
          "cooldown": 30,
          "n_trades": 110,
          "n_markets": 11,
          "total_pnl": 25.11,
          "mean_pnl_per_market": 2.282727272727273,
          "std_pnl_per_market": 2.2102266440756293,
          "t_stat": 3.425417878587742,
          "hit_rate_market": 0.8181818181818182,
          "hit_rate_trade": 0.7181818181818181,
          "avg_trades_per_market": 10.0,
          "avg_hold_time": 163.47272727272727
        },
        {
          "buffer": 0.01,
          "tau_max": 300,
          "min_tau": 0,
          "exit_rule": "expiry",
          "cooldown": 30,
          "n_trades": 110,
          "n_markets": 11,
          "total_pnl": 24.86,
          "mean_pnl_per_market": 2.2600000000000002,
          "std_pnl_per_market": 2.2232048938413214,
          "t_stat": 3.3715165196726993,
          "hit_rate_market": 0.8181818181818182,
          "hit_rate_trade": 0.7090909090909091,
          "avg_trades_per_market": 10.0,
          "avg_hold_time": 163.6909090909091
        }
      ],
      "n_valid_combinations": 45
    }
  },
  "phase4": {
    "latency": [
      {
        "latency": 0.0,
        "n_trades": 110,
        "total_pnl": 26.66,
        "mean_pnl_per_market": 2.423636363636364,
        "t_stat": 3.4456720640266196,
        "hit_rate_trade": 0.7454545454545455
      },
      {
        "latency": 0.5,
        "n_trades": 110,
        "total_pnl": 26.66,
        "mean_pnl_per_market": 2.423636363636364,
        "t_stat": 3.4456720640266196,
        "hit_rate_trade": 0.7454545454545455
      },
      {
        "latency": 1.0,
        "n_trades": 110,
        "total_pnl": 22.22,
        "mean_pnl_per_market": 2.0200000000000005,
        "t_stat": 2.9993672409128087,
        "hit_rate_trade": 0.6727272727272727
      },
      {
        "latency": 2.0,
        "n_trades": 110,
        "total_pnl": 23.43,
        "mean_pnl_per_market": 2.13,
        "t_stat": 3.254376349675729,
        "hit_rate_trade": 0.6909090909090909
      },
      {
        "latency": 5.0,
        "n_trades": 110,
        "total_pnl": 24.22,
        "mean_pnl_per_market": 2.201818181818182,
        "t_stat": 3.315608291003456,
        "hit_rate_trade": 0.7090909090909091
      },
      {
        "latency": 10.0,
        "n_trades": 110,
        "total_pnl": 24.55,
        "mean_pnl_per_market": 2.2318181818181824,
        "t_stat": 3.41235557047427,
        "hit_rate_trade": 0.7
      }
    ],
    "placebo": {
      "shift_seconds": 30,
      "original": {
        "n_trades": 110,
        "total_pnl": 26.66,
        "t_stat": 3.4456720640266196
      },
      "placebo": {
        "n_trades": 0,
        "total_pnl": 0,
        "t_stat": 0
      },
      "t_stat_degradation": 3.4456720640266196,
      "edge_destroyed": true
    },
    "vol_window": [
      {
        "vol_window": 15,
        "n_trades": 110,
        "total_pnl": 26.66,
        "mean_pnl_per_market": 2.423636363636364,
        "t_stat": 3.4456720640266196
      },
      {
        "vol_window": 30,
        "n_trades": 110,
        "total_pnl": 26.66,
        "mean_pnl_per_market": 2.423636363636364,
        "t_stat": 3.4456720640266196
      },
      {
        "vol_window": 60,
        "n_trades": 110,
        "total_pnl": 26.66,
        "mean_pnl_per_market": 2.423636363636364,
        "t_stat": 3.4456720640266196
      },
      {
        "vol_window": 120,
        "n_trades": 110,
        "total_pnl": 26.66,
        "mean_pnl_per_market": 2.423636363636364,
        "t_stat": 3.4456720640266196
      }
    ],
    "binning": [
      {
        "tau_size": 15,
        "delta_size": 2.5,
        "n_vol_bins": 2,
        "n_trades": 110,
        "total_pnl": 26.66,
        "t_stat": 3.4456720640266196,
        "n_valid_bins": 45
      },
      {
        "tau_size": 15,
        "delta_size": 5.0,
        "n_vol_bins": 3,
        "n_trades": 110,
        "total_pnl": 26.66,
        "t_stat": 3.4456720640266196,
        "n_valid_bins": 61
      },
      {
        "tau_size": 30,
        "delta_size": 2.5,
        "n_vol_bins": 2,
        "n_trades": 110,
        "total_pnl": 26.66,
        "t_stat": 3.4456720640266196,
        "n_valid_bins": 127
      },
      {
        "tau_size": 30,
        "delta_size": 5.0,
        "n_vol_bins": 3,
        "n_trades": 110,
        "total_pnl": 26.66,
        "t_stat": 3.4456720640266196,
        "n_valid_bins": 150
      },
      {
        "tau_size": 30,
        "delta_size": 10.0,
        "n_vol_bins": 3,
        "n_trades": 110,
        "total_pnl": 26.66,
        "t_stat": 3.4456720640266196,
        "n_valid_bins": 166
      },
      {
        "tau_size": 60,
        "delta_size": 5.0,
        "n_vol_bins": 3,
        "n_trades": 110,
        "total_pnl": 26.66,
        "t_stat": 3.4456720640266196,
        "n_valid_bins": 159
      },
      {
        "tau_size": 60,
        "delta_size": 10.0,
        "n_vol_bins": 5,
        "n_trades": 110,
        "total_pnl": 26.66,
        "t_stat": 3.4456720640266196,