max_trades,selection_method,n_trades,n_markets,total_pnl,mean_pnl_per_market,t_stat
1,strongest,19,19,4.198000000000001,0.22094736842105261,1.8940651134338025
2,strongest,38,19,8.698,0.45778947368421047,2.2528531663574154
3,strongest,57,19,11.503000000000004,0.6054210526315789,2.2211141718188787
5,strongest,95,19,15.052999999999999,0.792263157894737,1.8152941045323212
10,strongest,190,19,20.588,1.083578947368421,1.481033687623247
unlimited,strongest,262,19,18.882999999999996,0.9938421052631579,1.2500034440798984
