max_trades,selection_method,n_trades,n_markets,total_pnl,mean_pnl_per_market,t_stat
1,first,19,19,0.3400000000000001,0.017894736842105255,0.1671560730992839
2,first,38,19,-1.8299999999999996,-0.09631578947368417,-0.7421602891040395
3,first,57,19,-4.069999999999999,-0.21421052631578943,-1.3295944891921008
5,first,95,19,-2.7599999999999993,-0.14526315789473682,-0.5532199040459002
10,first,190,19,7.175000000000004,0.37763157894736854,0.6253089512048743
unlimited,first,262,19,18.882999999999996,0.9938421052631579,1.2500034440798984
