tau_bucket,tau_min,tau_max,n_trades,total_pnl,mean_pnl,t_stat,hit_rate
0-60s,0,60,29,7.013000000000001,0.24182758620689657,2.911004299138218,0.27586206896551724
60-120s,60,120,35,7.194999999999999,0.20557142857142854,2.818697653252562,0.2857142857142857
120-180s,120,180,35,1.765,0.05042857142857143,0.7240043008441205,0.42857142857142855
180-240s,180,240,35,7.2299999999999995,0.20657142857142854,2.783540344201834,0.4857142857142857
240-300s,240,300,37,-1.0299999999999998,-0.02783783783783783,-0.4053376767317721,0.35135135135135137
300-420s,300,420,73,-4.21,-0.05767123287671233,-1.1011841366443471,0.3013698630136986
