fade_delay,n_trades,total_pnl,mean_pnl_per_market,t_stat,hit_rate
0,262,18.882999999999996,0.9938421052631579,1.2500034440798984,0.3435114503816794
1,263,19.738,1.0388421052631578,1.306811563091511,0.34980988593155893
2,263,19.708000000000002,1.0372631578947369,1.2853861826350077,0.34600760456273766
3,263,18.817999999999994,0.9904210526315789,1.2198467468858143,0.33840304182509506
5,263,22.633000000000003,1.1912105263157897,1.4940871813354244,0.35361216730038025
