{
  "best_train": {
    "strategy": "StrikeCross",
    "tau_max": 600.0,
    "hold_to_expiry": true,
    "hold_seconds": NaN,
    "latency": 0,
    "train_total_pnl": 3.020000000000001,
    "train_mean_pnl": 0.18875000000000006,
    "train_t_stat": 1.940463727605269,
    "train_hit_rate": 0.4375,
    "train_n_trades": 65,
    "test_total_pnl": 2.1300000000000003,
    "test_mean_pnl": 0.26625000000000004,
    "test_t_stat": 1.905097258299607,
    "test_hit_rate": 0.625,
    "test_n_trades": 33,
    "threshold_bps": NaN,
    "near_strike_bps": NaN,
    "min_move_bps": NaN
  },
  "best_test": {
    "strategy": "StrikeCross",
    "tau_max": 600.0,
    "hold_to_expiry": true,
    "hold_seconds": NaN,
    "latency": 5,
    "train_total_pnl": 2.8100000000000005,
    "train_mean_pnl": 0.17562500000000003,
    "train_t_stat": 1.9188003720579097,
    "train_hit_rate": 0.4375,
    "train_n_trades": 65,
    "test_total_pnl": 2.2900000000000005,
    "test_mean_pnl": 0.28625000000000006,
    "test_t_stat": 2.081781314706943,
    "test_hit_rate": 0.625,
    "test_n_trades": 33,
    "threshold_bps": NaN,
    "near_strike_bps": NaN,
    "min_move_bps": NaN
  },
  "most_robust": {
    "strategy": "StrikeCross",
    "tau_max": 300.0,
    "hold_to_expiry": true,
    "hold_seconds": NaN,
    "latency": 0,
    "train_total_pnl": 1.1600000000000006,
    "train_mean_pnl": 0.07250000000000002,
    "train_t_stat": 1.2939038321072678,
    "train_hit_rate": 0.25,
    "train_n_trades": 27,
    "test_total_pnl": 0.5300000000000002,
    "test_mean_pnl": 0.06625000000000003,
    "test_t_stat": 0.598317836621279,
    "test_hit_rate": 0.375,
    "test_n_trades": 17,
    "threshold_bps": NaN,
    "near_strike_bps": NaN,
    "min_move_bps": NaN,
    "train_test_gap": 0.006249999999999992
  },
  "best_by_type": {
    "StrikeCross": {
      "strategy": "StrikeCross",
      "tau_max": 600.0,
      "hold_to_expiry": true,
      "hold_seconds": NaN,
      "latency": 0,
      "train_total_pnl": 3.020000000000001,
      "train_mean_pnl": 0.18875000000000006,
      "train_t_stat": 1.940463727605269,
      "train_hit_rate": 0.4375,
      "train_n_trades": 65,
      "test_total_pnl": 2.1300000000000003,
      "test_mean_pnl": 0.26625000000000004,
      "test_t_stat": 1.905097258299607,
      "test_hit_rate": 0.625,
      "test_n_trades": 33,
      "threshold_bps": NaN,
      "near_strike_bps": NaN,
      "min_move_bps": NaN
    },
    "LatencyCapture": {
      "strategy": "LatencyCapture",
      "tau_max": 900.0,
      "hold_to_expiry": NaN,
      "hold_seconds": 15.0,
      "latency": 0,
      "train_total_pnl": 0.2500000000000001,
      "train_mean_pnl": 0.015625000000000007,
      "train_t_stat": 1.2585239022639543,
      "train_hit_rate": 0.125,
      "train_n_trades": 7,
      "test_total_pnl": -0.13,
      "test_mean_pnl": -0.01625,
      "test_t_stat": -1.0,
      "test_hit_rate": 0.0,
      "test_n_trades": 1,
      "threshold_bps": 5.0,
      "near_strike_bps": NaN,
      "min_move_bps": NaN
    },
    "NearStrike": {
      "strategy": "NearStrike",
      "tau_max": NaN,
      "hold_to_expiry": NaN,
      "hold_seconds": 15.0,
      "latency": 2,
      "train_total_pnl": 0.03000000000000022,
      "train_mean_pnl": 0.0018750000000000138,
      "train_t_stat": 0.7164551519745531,
      "train_hit_rate": 0.125,
      "train_n_trades": 5,
      "test_total_pnl": -0.13999999999999996,
      "test_mean_pnl": -0.017499999999999995,
      "test_t_stat": -1.3690569527564258,
      "test_hit_rate": 0.0,
      "test_n_trades": 4,
      "threshold_bps": NaN,
      "near_strike_bps": 20.0,
      "min_move_bps": 3.0
    }
  },
  "strategies_tested": 3,
  "total_combinations": 24,
  "profitable_train": 18.0,
  "profitable_test": 8.0
}