{
  "best_wf_tstat": {
    "strategy": "StrikeCross",
    "tau_max": 600,
    "hold_to_expiry": true,
    "hold_seconds": null,
    "latency": 5,
    "threshold_bps": null,
    "train_total_pnl_mean": 1.6800000000000004,
    "train_total_pnl_std": 0.9599999999999996,
    "train_t_stat_mean": 1.455302802877578,
    "train_t_stat_std": 0.8522009871164125,
    "train_n_trades_sum": 116,
    "test_total_pnl_mean": 0.3066666666666668,
    "test_total_pnl_std": 0.6606310114832132,
    "test_t_stat_mean": 0.1209458241129721,
    "test_t_stat_std": 1.725638977964229,
    "test_n_trades_sum": 44,
    "n_folds": 3,
    "test_pnl_se": 0.38141549231484795,
    "wf_t_stat": 0.8040225760245784
  },
  "best_avg_pnl": {
    "strategy": "StrikeCross",
    "tau_max": 600,
    "hold_to_expiry": true,
    "hold_seconds": null,
    "latency": 5,
    "threshold_bps": null,
    "train_total_pnl_mean": 1.6800000000000004,
    "train_total_pnl_std": 0.9599999999999996,
    "train_t_stat_mean": 1.455302802877578,
    "train_t_stat_std": 0.8522009871164125,
    "train_n_trades_sum": 116,
    "test_total_pnl_mean": 0.3066666666666668,
    "test_total_pnl_std": 0.6606310114832132,
    "test_t_stat_mean": 0.1209458241129721,
    "test_t_stat_std": 1.725638977964229,
    "test_n_trades_sum": 44,
    "n_folds": 3,
    "test_pnl_se": 0.38141549231484795,
    "wf_t_stat": 0.8040225760245784
  },
  "most_consistent": {
    "strategy": "StrikeCross",
    "tau_max": 600,
    "hold_to_expiry": true,
    "hold_seconds": null,
    "latency": 2,
    "threshold_bps": null,
    "train_total_pnl_mean": 1.7266666666666672,
    "train_total_pnl_std": 0.9850042301093598,
    "train_t_stat_mean": 1.42858084047951,
    "train_t_stat_std": 0.866581222349431,
    "train_n_trades_sum": 116,
    "test_total_pnl_mean": 0.2300000000000003,
    "test_total_pnl_std": 0.5765414122159831,
    "test_t_stat_mean": 0.09024258885746066,
    "test_t_stat_std": 1.6818823397245033,
    "test_n_trades_sum": 44,
    "n_folds": 3,
    "test_pnl_se": 0.33286633954186484,
    "wf_t_stat": 0.6909680333450269
  },
  "n_strategies_tested": 18,
  "n_profitable_avg": 6.0,
  "n_significant": 0.0
}