{
  "eps_0.004_buf_0.003": {
    "q1": {
      "exec_pct": 98.0392156862745,
      "avg_edge": 0.010600000000000009,
      "expected_pnl": 0.010600000000000009
    },
    "q10": {
      "exec_pct": 86.27450980392157,
      "avg_edge": 0.009706136363636353,
      "expected_pnl": 0.09706136363636353
    }
  },
  "eps_0.004_buf_0.005": {
    "q1": {
      "exec_pct": 98.0392156862745,
      "avg_edge": 0.008600000000000012,
      "expected_pnl": 0.008600000000000012
    },
    "q10": {
      "exec_pct": 82.35294117647058,
      "avg_edge": 0.008073095238095232,
      "expected_pnl": 0.08073095238095232
    }
  },
  "eps_0.004_buf_0.007": {
    "q1": {
      "exec_pct": 98.0392156862745,
      "avg_edge": 0.006600000000000012,
      "expected_pnl": 0.006600000000000012
    },
    "q10": {
      "exec_pct": 76.47058823529412,
      "avg_edge": 0.006655384615384607,
      "expected_pnl": 0.0665538461538461
    }
  },
  "eps_0.005_buf_0.003": {
    "q1": {
      "exec_pct": 98.0392156862745,
      "avg_edge": 0.010600000000000009,
      "expected_pnl": 0.010600000000000009
    },
    "q10": {
      "exec_pct": 86.27450980392157,
      "avg_edge": 0.009706136363636353,
      "expected_pnl": 0.09706136363636353
    }
  },
  "eps_0.005_buf_0.005": {
    "q1": {
      "exec_pct": 98.0392156862745,
      "avg_edge": 0.008600000000000012,
      "expected_pnl": 0.008600000000000012
    },
    "q10": {
      "exec_pct": 82.35294117647058,
      "avg_edge": 0.008073095238095232,
      "expected_pnl": 0.08073095238095232
    }
  },
  "eps_0.005_buf_0.007": {
    "q1": {
      "exec_pct": 98.0392156862745,
      "avg_edge": 0.006600000000000012,
      "expected_pnl": 0.006600000000000012
    },
    "q10": {
      "exec_pct": 76.47058823529412,
      "avg_edge": 0.006655384615384607,
      "expected_pnl": 0.0665538461538461
    }
  },
  "eps_0.006_buf_0.003": {
    "q1": {
      "exec_pct": 98.0392156862745,
      "avg_edge": 0.010600000000000009,
      "expected_pnl": 0.010600000000000009
    },
    "q10": {
      "exec_pct": 86.27450980392157,
      "avg_edge": 0.009706136363636353,
      "expected_pnl": 0.09706136363636353
    }
  },
  "eps_0.006_buf_0.005": {
    "q1": {
      "exec_pct": 98.0392156862745,
      "avg_edge": 0.008600000000000012,
      "expected_pnl": 0.008600000000000012
    },
    "q10": {
      "exec_pct": 82.35294117647058,
      "avg_edge": 0.008073095238095232,
      "expected_pnl": 0.08073095238095232
    }
  },
  "eps_0.006_buf_0.007": {
    "q1": {
      "exec_pct": 98.0392156862745,
      "avg_edge": 0.006600000000000012,
      "expected_pnl": 0.006600000000000012
    },
    "q10": {
      "exec_pct": 76.47058823529412,
      "avg_edge": 0.006655384615384607,
      "expected_pnl": 0.0665538461538461
    }
  }
}