strategy,cl_shift_seconds,n_trades,total_pnl,mean_pnl_per_market,t_stat,placebo_status
Strategy_A,30,71,10.627999999999998,0.4428333333333332,1.281738585594022,PASS
Strategy_B,30,41,2.5780000000000003,0.10741666666666667,2.869157553280654,FAIL (edge persists)
Strategy_C,30,80,11.117,0.4632083333333334,1.3172217292344357,PASS
