{
  "total_eth_markets": 43,
  "volume_markets_count": 12,
  "volume_markets": [
    "20260106_1630",
    "20260106_1645",
    "20260106_1700",
    "20260106_1715",
    "20260106_1730",
    "20260106_1745",
    "20260106_1800",
    "20260106_1815",
    "20260106_1830",
    "20260106_1845",
    "20260106_1900",
    "20260106_1915"
  ],
  "volume_market_rows": 10800,
  "size_coverage": {
    "pm_up_best_bid_size": {
      "non_nan": 9307,
      "total": 10800,
      "pct": 86.17592592592592,
      "mean": 507.32063070806913,
      "median": 125.66,
      "max": 14382.29
    },
    "pm_up_best_ask_size": {
      "non_nan": 10800,
      "total": 10800,
      "pct": 100.0,
      "mean": 4592.643258333334,
      "median": 155.105,
      "max": 33714.57
    },
    "pm_down_best_bid_size": {
      "non_nan": 10800,
      "total": 10800,
      "pct": 100.0,
      "mean": 4597.997752777777,
      "median": 155.745,
      "max": 33714.57
    },
    "pm_down_best_ask_size": {
      "non_nan": 9307,
      "total": 10800,
      "pct": 86.17592592592592,
      "mean": 509.024257010852,
      "median": 125.0,
      "max": 14637.29
    }
  },
  "spread_stats": {
    "up_spread": {
      "mean": 0.005074352637799506,
      "median": 0.010000000000000009,
      "min": -0.51,
      "max": 0.30999999999999994,
      "pct_gte_1c": 70.75925925925925,
      "pct_gte_2c": 14.74074074074074
    },
    "down_spread": {
      "mean": 0.005150639303749866,
      "median": 0.010000000000000009,
      "min": -0.51,
      "max": 0.31,
      "pct_gte_1c": 70.04629629629629,
      "pct_gte_2c": 13.685185185185187
    }
  }
}